country_or_area,element,year,unit,value,category
Africa,Production Quantity,2007.0,tonnes,132723726.0,cereals_rice_milled_eqv
Africa,Production Quantity,2006.0,tonnes,142785819.0,cereals_rice_milled_eqv
Africa,Production Quantity,2005.0,tonnes,135919955.0,cereals_rice_milled_eqv
Africa,Production Quantity,2004.0,tonnes,127552204.0,cereals_rice_milled_eqv
Africa,Production Quantity,2003.0,tonnes,126353728.0,cereals_rice_milled_eqv
Africa,Production Quantity,2002.0,tonnes,113676476.0,cereals_rice_milled_eqv
Africa,Production Quantity,2001.0,tonnes,110644985.0,cereals_rice_milled_eqv
Africa,Production Quantity,2000.0,tonnes,105846978.0,cereals_rice_milled_eqv
Africa,Production Quantity,1999.0,tonnes,107917611.0,cereals_rice_milled_eqv
Africa,Production Quantity,1998.0,tonnes,110372892.0,cereals_rice_milled_eqv
Africa,Production Quantity,1997.0,tonnes,104593903.0,cereals_rice_milled_eqv
Africa,Production Quantity,1996.0,tonnes,119812158.0,cereals_rice_milled_eqv
Africa,Production Quantity,1995.0,tonnes,92907565.0,cereals_rice_milled_eqv
Africa,Production Quantity,1994.0,tonnes,105682169.0,cereals_rice_milled_eqv
Africa,Production Quantity,1993.0,tonnes,95206449.0,cereals_rice_milled_eqv
Africa,Production Quantity,1992.0,tonnes,84860237.0,cereals_rice_milled_eqv
Africa,Production Quantity,1991.0,tonnes,100406717.0,cereals_rice_milled_eqv
Africa,Production Quantity,1990.0,tonnes,89183400.0,cereals_rice_milled_eqv
Africa,Production Quantity,1989.0,tonnes,94994405.0,cereals_rice_milled_eqv
Africa,Production Quantity,1988.0,tonnes,92163997.0,cereals_rice_milled_eqv
Africa,Production Quantity,1987.0,tonnes,80365690.0,cereals_rice_milled_eqv
Africa,Production Quantity,1986.0,tonnes,85057477.0,cereals_rice_milled_eqv
Africa,Production Quantity,1985.0,tonnes,80101385.0,cereals_rice_milled_eqv
Africa,Production Quantity,1984.0,tonnes,62980937.0,cereals_rice_milled_eqv
Africa,Production Quantity,1983.0,tonnes,62727867.0,cereals_rice_milled_eqv
Africa,Production Quantity,1982.0,tonnes,68895082.0,cereals_rice_milled_eqv
Africa,Production Quantity,1981.0,tonnes,74731483.0,cereals_rice_milled_eqv
Africa,Production Quantity,1980.0,tonnes,69744223.0,cereals_rice_milled_eqv
Africa,Production Quantity,1979.0,tonnes,63076211.0,cereals_rice_milled_eqv
Africa,Production Quantity,1978.0,tonnes,66869194.0,cereals_rice_milled_eqv
Africa,Production Quantity,1977.0,tonnes,63750726.0,cereals_rice_milled_eqv
Africa,Production Quantity,1976.0,tonnes,68049239.0,cereals_rice_milled_eqv
Africa,Production Quantity,1975.0,tonnes,66125827.0,cereals_rice_milled_eqv
Africa,Production Quantity,1974.0,tonnes,68709038.0,cereals_rice_milled_eqv
Africa,Production Quantity,1973.0,tonnes,55039598.0,cereals_rice_milled_eqv
Africa,Production Quantity,1972.0,tonnes,62212263.0,cereals_rice_milled_eqv
Africa,Production Quantity,1971.0,tonnes,63187591.0,cereals_rice_milled_eqv
Africa,Production Quantity,1970.0,tonnes,58045487.0,cereals_rice_milled_eqv
Africa,Production Quantity,1969.0,tonnes,57499427.0,cereals_rice_milled_eqv
Africa,Production Quantity,1968.0,tonnes,55631307.0,cereals_rice_milled_eqv
Africa,Production Quantity,1967.0,tonnes,59160864.0,cereals_rice_milled_eqv
Africa,Production Quantity,1966.0,tonnes,46797276.0,cereals_rice_milled_eqv
Africa,Production Quantity,1965.0,tonnes,50131774.0,cereals_rice_milled_eqv
Africa,Production Quantity,1964.0,tonnes,49460170.0,cereals_rice_milled_eqv
Africa,Production Quantity,1963.0,tonnes,52631127.0,cereals_rice_milled_eqv
Africa,Production Quantity,1962.0,tonnes,51197679.0,cereals_rice_milled_eqv
Africa,Production Quantity,1961.0,tonnes,44841542.0,cereals_rice_milled_eqv
Asia,Production Quantity,2007.0,tonnes,948870725.0,cereals_rice_milled_eqv
Asia,Production Quantity,2006.0,tonnes,926862892.0,cereals_rice_milled_eqv
Asia,Production Quantity,2005.0,tonnes,894130983.0,cereals_rice_milled_eqv
Asia,Production Quantity,2004.0,tonnes,855654033.0,cereals_rice_milled_eqv
Asia,Production Quantity,2003.0,tonnes,820964926.0,cereals_rice_milled_eqv
Asia,Production Quantity,2002.0,tonnes,811302328.0,cereals_rice_milled_eqv
Asia,Production Quantity,2001.0,tonnes,820020423.0,cereals_rice_milled_eqv
Asia,Production Quantity,2000.0,tonnes,814626770.0,cereals_rice_milled_eqv
Asia,Production Quantity,1999.0,tonnes,851145157.0,cereals_rice_milled_eqv
Asia,Production Quantity,1998.0,tonnes,839525499.0,cereals_rice_milled_eqv
Asia,Production Quantity,1997.0,tonnes,817015212.0,cereals_rice_milled_eqv
Asia,Production Quantity,1996.0,tonnes,823052886.0,cereals_rice_milled_eqv
Asia,Production Quantity,1995.0,tonnes,778001194.0,cereals_rice_milled_eqv
Asia,Production Quantity,1994.0,tonnes,759659313.0,cereals_rice_milled_eqv
Asia,Production Quantity,1993.0,tonnes,775216157.0,cereals_rice_milled_eqv
Asia,Production Quantity,1992.0,tonnes,769658681.0,cereals_rice_milled_eqv
Asia,Production Quantity,1991.0,tonnes,710596584.0,cereals_rice_milled_eqv
Asia,Production Quantity,1990.0,tonnes,713517483.0,cereals_rice_milled_eqv
Asia,Production Quantity,1989.0,tonnes,673867466.0,cereals_rice_milled_eqv
Asia,Production Quantity,1988.0,tonnes,653137795.0,cereals_rice_milled_eqv
Asia,Production Quantity,1987.0,tonnes,622262626.0,cereals_rice_milled_eqv
Asia,Production Quantity,1986.0,tonnes,630195058.0,cereals_rice_milled_eqv
Asia,Production Quantity,1985.0,tonnes,610283629.0,cereals_rice_milled_eqv
Asia,Production Quantity,1984.0,tonnes,626582614.0,cereals_rice_milled_eqv
Asia,Production Quantity,1983.0,tonnes,606423047.0,cereals_rice_milled_eqv
Asia,Production Quantity,1982.0,tonnes,548243359.0,cereals_rice_milled_eqv
Asia,Production Quantity,1981.0,tonnes,533377589.0,cereals_rice_milled_eqv
Asia,Production Quantity,1980.0,tonnes,512086289.0,cereals_rice_milled_eqv
Asia,Production Quantity,1979.0,tonnes,508314012.0,cereals_rice_milled_eqv
Asia,Production Quantity,1978.0,tonnes,500067541.0,cereals_rice_milled_eqv
Asia,Production Quantity,1977.0,tonnes,460740141.0,cereals_rice_milled_eqv
Asia,Production Quantity,1976.0,tonnes,459546983.0,cereals_rice_milled_eqv
Asia,Production Quantity,1975.0,tonnes,451564819.0,cereals_rice_milled_eqv
Asia,Production Quantity,1974.0,tonnes,414337444.0,cereals_rice_milled_eqv
Asia,Production Quantity,1973.0,tonnes,409546419.0,cereals_rice_milled_eqv
Asia,Production Quantity,1972.0,tonnes,384683370.0,cereals_rice_milled_eqv
Asia,Production Quantity,1971.0,tonnes,393085698.0,cereals_rice_milled_eqv
Asia,Production Quantity,1970.0,tonnes,384372942.0,cereals_rice_milled_eqv
Asia,Production Quantity,1969.0,tonnes,359107303.0,cereals_rice_milled_eqv
Asia,Production Quantity,1968.0,tonnes,351675077.0,cereals_rice_milled_eqv
Asia,Production Quantity,1967.0,tonnes,343132477.0,cereals_rice_milled_eqv
Asia,Production Quantity,1966.0,tonnes,323911634.0,cereals_rice_milled_eqv
Asia,Production Quantity,1965.0,tonnes,308710084.0,cereals_rice_milled_eqv
Asia,Production Quantity,1964.0,tonnes,310088847.0,cereals_rice_milled_eqv
Asia,Production Quantity,1963.0,tonnes,294725549.0,cereals_rice_milled_eqv
Asia,Production Quantity,1962.0,tonnes,278366749.0,cereals_rice_milled_eqv
Asia,Production Quantity,1961.0,tonnes,263347433.0,cereals_rice_milled_eqv
Europe,Production Quantity,2007.0,tonnes,395020302.0,cereals_rice_milled_eqv
Europe,Production Quantity,2006.0,tonnes,402876034.0,cereals_rice_milled_eqv
Europe,Production Quantity,2005.0,tonnes,426917681.0,cereals_rice_milled_eqv
Europe,Production Quantity,2004.0,tonnes,469233273.0,cereals_rice_milled_eqv
Europe,Production Quantity,2003.0,tonnes,354619113.0,cereals_rice_milled_eqv
Europe,Production Quantity,2002.0,tonnes,435525931.0,cereals_rice_milled_eqv
Europe,Production Quantity,2001.0,tonnes,430348105.0,cereals_rice_milled_eqv
Europe,Production Quantity,2000.0,tonnes,383794823.0,cereals_rice_milled_eqv
Europe,Production Quantity,1999.0,tonnes,374896289.0,cereals_rice_milled_eqv
Europe,Production Quantity,1998.0,tonnes,385631320.0,cereals_rice_milled_eqv
Europe,Production Quantity,1997.0,tonnes,440138496.0,cereals_rice_milled_eqv
Europe,Production Quantity,1996.0,tonnes,389885623.0,cereals_rice_milled_eqv
Europe,Production Quantity,1995.0,tonnes,375275625.0,cereals_rice_milled_eqv
Europe,Production Quantity,1994.0,tonnes,382806353.0,cereals_rice_milled_eqv
Europe,Production Quantity,1993.0,tonnes,412043024.0,cereals_rice_milled_eqv
Europe,Production Quantity,1992.0,tonnes,405887638.0,cereals_rice_milled_eqv
Europe,Production Quantity,1991.0,tonnes,458099539.0,cereals_rice_milled_eqv
Europe,Production Quantity,1990.0,tonnes,492331908.0,cereals_rice_milled_eqv
Europe,Production Quantity,1989.0,tonnes,479154828.0,cereals_rice_milled_eqv
Europe,Production Quantity,1988.0,tonnes,456428350.0,cereals_rice_milled_eqv
Europe,Production Quantity,1987.0,tonnes,458773407.0,cereals_rice_milled_eqv
Europe,Production Quantity,1986.0,tonnes,467668636.0,cereals_rice_milled_eqv
Europe,Production Quantity,1985.0,tonnes,451429588.0,cereals_rice_milled_eqv
Europe,Production Quantity,1984.0,tonnes,456613875.0,cereals_rice_milled_eqv
Europe,Production Quantity,1983.0,tonnes,428561431.0,cereals_rice_milled_eqv
Europe,Production Quantity,1982.0,tonnes,436536131.0,cereals_rice_milled_eqv
Europe,Production Quantity,1981.0,tonnes,386187108.0,cereals_rice_milled_eqv
Europe,Production Quantity,1980.0,tonnes,426948738.0,cereals_rice_milled_eqv
Europe,Production Quantity,1979.0,tonnes,401386254.0,cereals_rice_milled_eqv
Europe,Production Quantity,1978.0,tonnes,463045150.0,cereals_rice_milled_eqv
Europe,Production Quantity,1977.0,tonnes,405226796.0,cereals_rice_milled_eqv
Europe,Production Quantity,1976.0,tonnes,419311791.0,cereals_rice_milled_eqv
Europe,Production Quantity,1975.0,tonnes,344494322.0,cereals_rice_milled_eqv
Europe,Production Quantity,1974.0,tonnes,407811557.0,cereals_rice_milled_eqv
Europe,Production Quantity,1973.0,tonnes,419325472.0,cereals_rice_milled_eqv
Europe,Production Quantity,1972.0,tonnes,371050436.0,cereals_rice_milled_eqv
Europe,Production Quantity,1971.0,tonnes,378043937.0,cereals_rice_milled_eqv
Europe,Production Quantity,1970.0,tonnes,349768222.0,cereals_rice_milled_eqv
Europe,Production Quantity,1969.0,tonnes,339889953.0,cereals_rice_milled_eqv
Europe,Production Quantity,1968.0,tonnes,343357341.0,cereals_rice_milled_eqv
Europe,Production Quantity,1967.0,tonnes,321430095.0,cereals_rice_milled_eqv
Europe,Production Quantity,1966.0,tonnes,325516749.0,cereals_rice_milled_eqv
Europe,Production Quantity,1965.0,tonnes,276363656.0,cereals_rice_milled_eqv
Europe,Production Quantity,1964.0,tonnes,295721595.0,cereals_rice_milled_eqv
Europe,Production Quantity,1963.0,tonnes,249370353.0,cereals_rice_milled_eqv
Europe,Production Quantity,1962.0,tonnes,280703834.0,cereals_rice_milled_eqv
Europe,Production Quantity,1961.0,tonnes,263094177.0,cereals_rice_milled_eqv
Northern America,Production Quantity,2007.0,tonnes,460280838.0,cereals_rice_milled_eqv
Northern America,Production Quantity,2006.0,tonnes,384246706.0,cereals_rice_milled_eqv
Northern America,Production Quantity,2005.0,tonnes,414135103.0,cereals_rice_milled_eqv
Northern America,Production Quantity,2004.0,tonnes,436369501.0,cereals_rice_milled_eqv
Northern America,Production Quantity,2003.0,tonnes,394473768.0,cereals_rice_milled_eqv
Northern America,Production Quantity,2002.0,tonnes,329981578.0,cereals_rice_milled_eqv
Northern America,Production Quantity,2001.0,tonnes,365221427.0,cereals_rice_milled_eqv
Northern America,Production Quantity,2000.0,tonnes,391015910.0,cereals_rice_milled_eqv
Northern America,Production Quantity,1999.0,tonnes,386518783.0,cereals_rice_milled_eqv
Northern America,Production Quantity,1998.0,tonnes,397651821.0,cereals_rice_milled_eqv
Northern America,Production Quantity,1997.0,tonnes,383329432.0,cereals_rice_milled_eqv
Northern America,Production Quantity,1996.0,tonnes,391645791.0,cereals_rice_milled_eqv
Northern America,Production Quantity,1995.0,tonnes,324317461.0,cereals_rice_milled_eqv
Northern America,Production Quantity,1994.0,tonnes,399506915.0,cereals_rice_milled_eqv
Northern America,Production Quantity,1993.0,tonnes,308182319.0,cereals_rice_milled_eqv
Northern America,Production Quantity,1992.0,tonnes,399907141.0,cereals_rice_milled_eqv
Northern America,Production Quantity,1991.0,tonnes,331462356.0,cereals_rice_milled_eqv
Northern America,Production Quantity,1990.0,tonnes,366847660.0,cereals_rice_milled_eqv
Northern America,Production Quantity,1989.0,tonnes,329993901.0,cereals_rice_milled_eqv
Northern America,Production Quantity,1988.0,tonnes,239607051.0,cereals_rice_milled_eqv
Northern America,Production Quantity,1987.0,tonnes,330171540.0,cereals_rice_milled_eqv
Northern America,Production Quantity,1986.0,tonnes,370281599.0,cereals_rice_milled_eqv
Northern America,Production Quantity,1985.0,tonnes,393318890.0,cereals_rice_milled_eqv
Northern America,Production Quantity,1984.0,tonnes,355446336.0,cereals_rice_milled_eqv
Northern America,Production Quantity,1983.0,tonnes,253598586.0,cereals_rice_milled_eqv
Northern America,Production Quantity,1982.0,tonnes,384116319.0,cereals_rice_milled_eqv
Northern America,Production Quantity,1981.0,tonnes,379343747.0,cereals_rice_milled_eqv
Northern America,Production Quantity,1980.0,tonnes,309291661.0,cereals_rice_milled_eqv
Northern America,Production Quantity,1979.0,tonnes,336830948.0,cereals_rice_milled_eqv
Northern America,Production Quantity,1978.0,tonnes,316667420.0,cereals_rice_milled_eqv
Northern America,Production Quantity,1977.0,tonnes,306950520.0,cereals_rice_milled_eqv
Northern America,Production Quantity,1976.0,tonnes,301439271.0,cereals_rice_milled_eqv
Northern America,Production Quantity,1975.0,tonnes,284697483.0,cereals_rice_milled_eqv
Northern America,Production Quantity,1974.0,tonnes,233959060.0,cereals_rice_milled_eqv
Northern America,Production Quantity,1973.0,tonnes,273050443.0,cereals_rice_milled_eqv
Northern America,Production Quantity,1972.0,tonnes,262483889.0,cereals_rice_milled_eqv
Northern America,Production Quantity,1971.0,tonnes,275393331.0,cereals_rice_milled_eqv
Northern America,Production Quantity,1970.0,tonnes,214276819.0,cereals_rice_milled_eqv
Northern America,Production Quantity,1969.0,tonnes,240020868.0,cereals_rice_milled_eqv
Northern America,Production Quantity,1968.0,tonnes,235548067.0,cereals_rice_milled_eqv
Northern America,Production Quantity,1967.0,tonnes,237046280.0,cereals_rice_milled_eqv
Northern America,Production Quantity,1966.0,tonnes,222005675.0,cereals_rice_milled_eqv
Northern America,Production Quantity,1965.0,tonnes,214867338.0,cereals_rice_milled_eqv
Northern America,Production Quantity,1964.0,tonnes,188464047.0,cereals_rice_milled_eqv
Northern America,Production Quantity,1963.0,tonnes,207970425.0,cereals_rice_milled_eqv
Northern America,Production Quantity,1962.0,tonnes,190880650.0,cereals_rice_milled_eqv
Northern America,Production Quantity,1961.0,tonnes,179712750.0,cereals_rice_milled_eqv
Oceania,Production Quantity,2007.0,tonnes,22903562.0,cereals_rice_milled_eqv
Oceania,Production Quantity,2006.0,tonnes,19878682.0,cereals_rice_milled_eqv
Oceania,Production Quantity,2005.0,tonnes,40626063.0,cereals_rice_milled_eqv
Oceania,Production Quantity,2004.0,tonnes,35239014.0,cereals_rice_milled_eqv
Oceania,Production Quantity,2003.0,tonnes,42452893.0,cereals_rice_milled_eqv
Oceania,Production Quantity,2002.0,tonnes,19597932.0,cereals_rice_milled_eqv
Oceania,Production Quantity,2001.0,tonnes,39299005.0,cereals_rice_milled_eqv
Oceania,Production Quantity,2000.0,tonnes,34964499.0,cereals_rice_milled_eqv
Oceania,Production Quantity,1999.0,tonnes,35807382.0,cereals_rice_milled_eqv
Oceania,Production Quantity,1998.0,tonnes,33783570.0,cereals_rice_milled_eqv
Oceania,Production Quantity,1997.0,tonnes,31780628.0,cereals_rice_milled_eqv
Oceania,Production Quantity,1996.0,tonnes,36257893.0,cereals_rice_milled_eqv
Oceania,Production Quantity,1995.0,tonnes,27786280.0,cereals_rice_milled_eqv
Oceania,Production Quantity,1994.0,tonnes,15915407.0,cereals_rice_milled_eqv
Oceania,Production Quantity,1993.0,tonnes,27313471.0,cereals_rice_milled_eqv
Oceania,Production Quantity,1992.0,tonnes,25646982.0,cereals_rice_milled_eqv
Oceania,Production Quantity,1991.0,tonnes,19319932.0,cereals_rice_milled_eqv
Oceania,Production Quantity,1990.0,tonnes,23631721.0,cereals_rice_milled_eqv
Oceania,Production Quantity,1989.0,tonnes,22805642.0,cereals_rice_milled_eqv
Oceania,Production Quantity,1988.0,tonnes,22434323.0,cereals_rice_milled_eqv
Oceania,Production Quantity,1987.0,tonnes,20737437.0,cereals_rice_milled_eqv
Oceania,Production Quantity,1986.0,tonnes,24988212.0,cereals_rice_milled_eqv
Oceania,Production Quantity,1985.0,tonnes,25867440.0,cereals_rice_milled_eqv
Oceania,Production Quantity,1984.0,tonnes,29535075.0,cereals_rice_milled_eqv
Oceania,Production Quantity,1983.0,tonnes,31793623.0,cereals_rice_milled_eqv
Oceania,Production Quantity,1982.0,tonnes,14811837.0,cereals_rice_milled_eqv
Oceania,Production Quantity,1981.0,tonnes,24280230.0,cereals_rice_milled_eqv
Oceania,Production Quantity,1980.0,tonnes,16983880.0,cereals_rice_milled_eqv
Oceania,Production Quantity,1979.0,tonnes,23950459.0,cereals_rice_milled_eqv
Oceania,Production Quantity,1978.0,tonnes,25963340.0,cereals_rice_milled_eqv
Oceania,Production Quantity,1977.0,tonnes,15171565.0,cereals_rice_milled_eqv
Oceania,Production Quantity,1976.0,tonnes,18250312.0,cereals_rice_milled_eqv
Oceania,Production Quantity,1975.0,tonnes,18335565.0,cereals_rice_milled_eqv
Oceania,Production Quantity,1974.0,tonnes,16871171.0,cereals_rice_milled_eqv
Oceania,Production Quantity,1973.0,tonnes,17745862.0,cereals_rice_milled_eqv
Oceania,Production Quantity,1972.0,tonnes,11610667.0,cereals_rice_milled_eqv
Oceania,Production Quantity,1971.0,tonnes,15509248.0,cereals_rice_milled_eqv
Oceania,Production Quantity,1970.0,tonnes,13423545.0,cereals_rice_milled_eqv
Oceania,Production Quantity,1969.0,tonnes,14984279.0,cereals_rice_milled_eqv
Oceania,Production Quantity,1968.0,tonnes,19602225.0,cereals_rice_milled_eqv
Oceania,Production Quantity,1967.0,tonnes,10353966.0,cereals_rice_milled_eqv
Oceania,Production Quantity,1966.0,tonnes,17014959.0,cereals_rice_milled_eqv
Oceania,Production Quantity,1965.0,tonnes,10074925.0,cereals_rice_milled_eqv
Oceania,Production Quantity,1964.0,tonnes,13426033.0,cereals_rice_milled_eqv
Oceania,Production Quantity,1963.0,tonnes,12167620.0,cereals_rice_milled_eqv
Oceania,Production Quantity,1962.0,tonnes,11463192.0,cereals_rice_milled_eqv
Oceania,Production Quantity,1961.0,tonnes,9518253.0,cereals_rice_milled_eqv
South America,Production Quantity,2007.0,tonnes,131853451.0,cereals_rice_milled_eqv
South America,Production Quantity,2006.0,tonnes,111403288.0,cereals_rice_milled_eqv
South America,Production Quantity,2005.0,tonnes,110619195.0,cereals_rice_milled_eqv
South America,Production Quantity,2004.0,tonnes,116877926.0,cereals_rice_milled_eqv
South America,Production Quantity,2003.0,tonnes,118441109.0,cereals_rice_milled_eqv
South America,Production Quantity,2002.0,tonnes,96699971.0,cereals_rice_milled_eqv
South America,Production Quantity,2001.0,tonnes,107088291.0,cereals_rice_milled_eqv
South America,Production Quantity,2000.0,tonnes,97342334.0,cereals_rice_milled_eqv
South America,Production Quantity,1999.0,tonnes,93431278.0,cereals_rice_milled_eqv
South America,Production Quantity,1998.0,tonnes,90692811.0,cereals_rice_milled_eqv
South America,Production Quantity,1997.0,tonnes,93489773.0,cereals_rice_milled_eqv
South America,Production Quantity,1996.0,tonnes,87685220.0,cereals_rice_milled_eqv
South America,Production Quantity,1995.0,tonnes,85427087.0,cereals_rice_milled_eqv
South America,Production Quantity,1994.0,tonnes,82084386.0,cereals_rice_milled_eqv
South America,Production Quantity,1993.0,tonnes,78944704.0,cereals_rice_milled_eqv
South America,Production Quantity,1992.0,tonnes,79900482.0,cereals_rice_milled_eqv
South America,Production Quantity,1991.0,tonnes,68878463.0,cereals_rice_milled_eqv
South America,Production Quantity,1990.0,tonnes,63546199.0,cereals_rice_milled_eqv
South America,Production Quantity,1989.0,tonnes,72890738.0,cereals_rice_milled_eqv
South America,Production Quantity,1988.0,tonnes,75527853.0,cereals_rice_milled_eqv
South America,Production Quantity,1987.0,tonnes,77263485.0,cereals_rice_milled_eqv
South America,Production Quantity,1986.0,tonnes,72242159.0,cereals_rice_milled_eqv
South America,Production Quantity,1985.0,tonnes,72439977.0,cereals_rice_milled_eqv
South America,Production Quantity,1984.0,tonnes,72502149.0,cereals_rice_milled_eqv
South America,Production Quantity,1983.0,tonnes,67564469.0,cereals_rice_milled_eqv
South America,Production Quantity,1982.0,tonnes,75093576.0,cereals_rice_milled_eqv
South America,Production Quantity,1981.0,tonnes,69455843.0,cereals_rice_milled_eqv
South America,Production Quantity,1980.0,tonnes,58014841.0,cereals_rice_milled_eqv
South America,Production Quantity,1979.0,tonnes,59624473.0,cereals_rice_milled_eqv
South America,Production Quantity,1978.0,tonnes,58379503.0,cereals_rice_milled_eqv
South America,Production Quantity,1977.0,tonnes,59871532.0,cereals_rice_milled_eqv
South America,Production Quantity,1976.0,tonnes,61566816.0,cereals_rice_milled_eqv
South America,Production Quantity,1975.0,tonnes,55578432.0,cereals_rice_milled_eqv
South America,Production Quantity,1974.0,tonnes,56312385.0,cereals_rice_milled_eqv
South America,Production Quantity,1973.0,tonnes,52735352.0,cereals_rice_milled_eqv
South America,Production Quantity,1972.0,tonnes,46741303.0,cereals_rice_milled_eqv
South America,Production Quantity,1971.0,tonnes,50627075.0,cereals_rice_milled_eqv
South America,Production Quantity,1970.0,tonnes,49000741.0,cereals_rice_milled_eqv
South America,Production Quantity,1969.0,tonnes,44258421.0,cereals_rice_milled_eqv
South America,Production Quantity,1968.0,tonnes,41937806.0,cereals_rice_milled_eqv
South America,Production Quantity,1967.0,tonnes,44896078.0,cereals_rice_milled_eqv
South America,Production Quantity,1966.0,tonnes,40561632.0,cereals_rice_milled_eqv
South America,Production Quantity,1965.0,tonnes,38813752.0,cereals_rice_milled_eqv
South America,Production Quantity,1964.0,tonnes,42222186.0,cereals_rice_milled_eqv
South America,Production Quantity,1963.0,tonnes,38153024.0,cereals_rice_milled_eqv
South America,Production Quantity,1962.0,tonnes,34318483.0,cereals_rice_milled_eqv
South America,Production Quantity,1961.0,tonnes,33798895.0,cereals_rice_milled_eqv
Africa,Production Quantity,2007.0,tonnes,139821617.0,cereals_total
Africa,Production Quantity,2006.0,tonnes,150119632.0,cereals_total
Africa,Production Quantity,2005.0,tonnes,142679381.0,cereals_total
Africa,Production Quantity,2004.0,tonnes,133954000.0,cereals_total
Africa,Production Quantity,2003.0,tonnes,132372307.0,cereals_total
Africa,Production Quantity,2002.0,tonnes,119722129.0,cereals_total
Africa,Production Quantity,2001.0,tonnes,115980041.0,cereals_total
Africa,Production Quantity,2000.0,tonnes,111646646.0,cereals_total
Africa,Production Quantity,1999.0,tonnes,113699219.0,cereals_total
Africa,Production Quantity,1998.0,tonnes,115638111.0,cereals_total
Africa,Production Quantity,1997.0,tonnes,110072734.0,cereals_total
Africa,Production Quantity,1996.0,tonnes,125121737.0,cereals_total
Africa,Production Quantity,1995.0,tonnes,97877031.0,cereals_total
Africa,Production Quantity,1994.0,tonnes,110403247.0,cereals_total
Africa,Production Quantity,1993.0,tonnes,100052365.0,cereals_total
Africa,Production Quantity,1992.0,tonnes,89524557.0,cereals_total
Africa,Production Quantity,1991.0,tonnes,104976157.0,cereals_total
Africa,Production Quantity,1990.0,tonnes,93411653.0,cereals_total
Africa,Production Quantity,1989.0,tonnes,99351346.0,cereals_total
Africa,Production Quantity,1988.0,tonnes,95734253.0,cereals_total
Africa,Production Quantity,1987.0,tonnes,83857331.0,cereals_total
Africa,Production Quantity,1986.0,tonnes,88423934.0,cereals_total
Africa,Production Quantity,1985.0,tonnes,83304482.0,cereals_total
Africa,Production Quantity,1984.0,tonnes,66021146.0,cereals_total
Africa,Production Quantity,1983.0,tonnes,65759259.0,cereals_total
Africa,Production Quantity,1982.0,tonnes,71877655.0,cereals_total
Africa,Production Quantity,1981.0,tonnes,77586756.0,cereals_total
Africa,Production Quantity,1980.0,tonnes,72610567.0,cereals_total
Africa,Production Quantity,1979.0,tonnes,65902968.0,cereals_total
Africa,Production Quantity,1978.0,tonnes,69597831.0,cereals_total
Africa,Production Quantity,1977.0,tonnes,66408282.0,cereals_total
Africa,Production Quantity,1976.0,tonnes,70658598.0,cereals_total
Africa,Production Quantity,1975.0,tonnes,68823044.0,cereals_total
Africa,Production Quantity,1974.0,tonnes,71269446.0,cereals_total
Africa,Production Quantity,1973.0,tonnes,57486874.0,cereals_total
Africa,Production Quantity,1972.0,tonnes,64644022.0,cereals_total
Africa,Production Quantity,1971.0,tonnes,65639874.0,cereals_total
Africa,Production Quantity,1970.0,tonnes,60471899.0,cereals_total
Africa,Production Quantity,1969.0,tonnes,59875953.0,cereals_total
Africa,Production Quantity,1968.0,tonnes,57952704.0,cereals_total
Africa,Production Quantity,1967.0,tonnes,61365334.0,cereals_total
Africa,Production Quantity,1966.0,tonnes,48648257.0,cereals_total
Africa,Production Quantity,1965.0,tonnes,51954420.0,cereals_total
Africa,Production Quantity,1964.0,tonnes,51403170.0,cereals_total
Africa,Production Quantity,1963.0,tonnes,54567232.0,cereals_total
Africa,Production Quantity,1962.0,tonnes,53056374.0,cereals_total
Africa,Production Quantity,1961.0,tonnes,46276719.0,cereals_total
Asia,Production Quantity,2007.0,tonnes,1148975592.0,cereals_total
Asia,Production Quantity,2006.0,tonnes,1120456179.0,cereals_total
Asia,Production Quantity,2005.0,tonnes,1084538364.0,cereals_total
Asia,Production Quantity,2004.0,tonnes,1037990914.0,cereals_total
Asia,Production Quantity,2003.0,tonnes,997591890.0,cereals_total
Asia,Production Quantity,2002.0,tonnes,982925646.0,cereals_total
Asia,Production Quantity,2001.0,tonnes,1001382177.0,cereals_total
Asia,Production Quantity,2000.0,tonnes,996272123.0,cereals_total
Asia,Production Quantity,1999.0,tonnes,1035989322.0,cereals_total
Asia,Production Quantity,1998.0,tonnes,1016748341.0,cereals_total
Asia,Production Quantity,1997.0,tonnes,992860470.0,cereals_total
Asia,Production Quantity,1996.0,tonnes,996777058.0,cereals_total
Asia,Production Quantity,1995.0,tonnes,944319187.0,cereals_total
Asia,Production Quantity,1994.0,tonnes,923389469.0,cereals_total
Asia,Production Quantity,1993.0,tonnes,936983936.0,cereals_total
Asia,Production Quantity,1992.0,tonnes,930619421.0,cereals_total
Asia,Production Quantity,1991.0,tonnes,868838093.0,cereals_total
Asia,Production Quantity,1990.0,tonnes,872585323.0,cereals_total
Asia,Production Quantity,1989.0,tonnes,830133772.0,cereals_total
Asia,Production Quantity,1988.0,tonnes,800996134.0,cereals_total
Asia,Production Quantity,1987.0,tonnes,762566907.0,cereals_total
Asia,Production Quantity,1986.0,tonnes,773215407.0,cereals_total
Asia,Production Quantity,1985.0,tonnes,753455381.0,cereals_total
Asia,Production Quantity,1984.0,tonnes,769039127.0,cereals_total
Asia,Production Quantity,1983.0,tonnes,744564504.0,cereals_total
Asia,Production Quantity,1982.0,tonnes,675918852.0,cereals_total
Asia,Production Quantity,1981.0,tonnes,657428004.0,cereals_total
Asia,Production Quantity,1980.0,tonnes,632001226.0,cereals_total
Asia,Production Quantity,1979.0,tonnes,622022060.0,cereals_total
Asia,Production Quantity,1978.0,tonnes,617650185.0,cereals_total
Asia,Production Quantity,1977.0,tonnes,573195517.0,cereals_total
Asia,Production Quantity,1976.0,tonnes,564570967.0,cereals_total
Asia,Production Quantity,1975.0,tonnes,559725910.0,cereals_total
Asia,Production Quantity,1974.0,tonnes,515175291.0,cereals_total
Asia,Production Quantity,1973.0,tonnes,511976870.0,cereals_total
Asia,Production Quantity,1972.0,tonnes,478505619.0,cereals_total
Asia,Production Quantity,1971.0,tonnes,490378863.0,cereals_total
Asia,Production Quantity,1970.0,tonnes,480976674.0,cereals_total
Asia,Production Quantity,1969.0,tonnes,449286796.0,cereals_total
Asia,Production Quantity,1968.0,tonnes,439579934.0,cereals_total
Asia,Production Quantity,1967.0,tonnes,427577025.0,cereals_total
Asia,Production Quantity,1966.0,tonnes,403908002.0,cereals_total
Asia,Production Quantity,1965.0,tonnes,386023646.0,cereals_total
Asia,Production Quantity,1964.0,tonnes,390730598.0,cereals_total
Asia,Production Quantity,1963.0,tonnes,370503460.0,cereals_total
Asia,Production Quantity,1962.0,tonnes,347434615.0,cereals_total
Asia,Production Quantity,1961.0,tonnes,329540554.0,cereals_total
Europe,Production Quantity,2007.0,tonnes,396204824.0,cereals_total
Europe,Production Quantity,2006.0,tonnes,404011799.0,cereals_total
Europe,Production Quantity,2005.0,tonnes,428031199.0,cereals_total
Europe,Production Quantity,2004.0,tonnes,470388170.0,cereals_total
Europe,Production Quantity,2003.0,tonnes,355703982.0,cereals_total
Europe,Production Quantity,2002.0,tonnes,436594770.0,cereals_total
Europe,Production Quantity,2001.0,tonnes,431397011.0,cereals_total
Europe,Production Quantity,2000.0,tonnes,384854066.0,cereals_total
Europe,Production Quantity,1999.0,tonnes,375977681.0,cereals_total
Europe,Production Quantity,1998.0,tonnes,386686923.0,cereals_total
Europe,Production Quantity,1997.0,tonnes,441193138.0,cereals_total
Europe,Production Quantity,1996.0,tonnes,390951107.0,cereals_total
Europe,Production Quantity,1995.0,tonnes,376174626.0,cereals_total
Europe,Production Quantity,1994.0,tonnes,383742129.0,cereals_total
Europe,Production Quantity,1993.0,tonnes,412975282.0,cereals_total
Europe,Production Quantity,1992.0,tonnes,406927523.0,cereals_total
Europe,Production Quantity,1991.0,tonnes,459527928.0,cereals_total
Europe,Production Quantity,1990.0,tonnes,493853862.0,cereals_total
Europe,Production Quantity,1989.0,tonnes,480611430.0,cereals_total
Europe,Production Quantity,1988.0,tonnes,458029765.0,cereals_total
Europe,Production Quantity,1987.0,tonnes,460299113.0,cereals_total
Europe,Production Quantity,1986.0,tonnes,469229181.0,cereals_total
Europe,Production Quantity,1985.0,tonnes,452952936.0,cereals_total
Europe,Production Quantity,1984.0,tonnes,458114323.0,cereals_total
Europe,Production Quantity,1983.0,tonnes,429948589.0,cereals_total
Europe,Production Quantity,1982.0,tonnes,437931926.0,cereals_total
Europe,Production Quantity,1981.0,tonnes,387547581.0,cereals_total
Europe,Production Quantity,1980.0,tonnes,428427277.0,cereals_total
Europe,Production Quantity,1979.0,tonnes,402802078.0,cereals_total
Europe,Production Quantity,1978.0,tonnes,464300797.0,cereals_total
Europe,Production Quantity,1977.0,tonnes,406404054.0,cereals_total
Europe,Production Quantity,1976.0,tonnes,420475761.0,cereals_total
Europe,Production Quantity,1975.0,tonnes,345750625.0,cereals_total
Europe,Production Quantity,1974.0,tonnes,409032036.0,cereals_total
Europe,Production Quantity,1973.0,tonnes,420525245.0,cereals_total
Europe,Production Quantity,1972.0,tonnes,372088685.0,cereals_total
Europe,Production Quantity,1971.0,tonnes,379089002.0,cereals_total
Europe,Production Quantity,1970.0,tonnes,350759619.0,cereals_total
Europe,Production Quantity,1969.0,tonnes,340853217.0,cereals_total
Europe,Production Quantity,1968.0,tonnes,344191996.0,cereals_total
Europe,Production Quantity,1967.0,tonnes,322262660.0,cereals_total
Europe,Production Quantity,1966.0,tonnes,326237108.0,cereals_total
Europe,Production Quantity,1965.0,tonnes,276988177.0,cereals_total
Europe,Production Quantity,1964.0,tonnes,296395501.0,cereals_total
Europe,Production Quantity,1963.0,tonnes,249985597.0,cereals_total
Europe,Production Quantity,1962.0,tonnes,281304864.0,cereals_total
Europe,Production Quantity,1961.0,tonnes,263708561.0,cereals_total
Northern America,Production Quantity,2007.0,tonnes,463277582.0,cereals_total
Northern America,Production Quantity,2006.0,tonnes,387186051.0,cereals_total
Northern America,Production Quantity,2005.0,tonnes,417506728.0,cereals_total
Northern America,Production Quantity,2004.0,tonnes,439879242.0,cereals_total
Northern America,Production Quantity,2003.0,tonnes,397493412.0,cereals_total
Northern America,Production Quantity,2002.0,tonnes,333168388.0,cereals_total
Northern America,Production Quantity,2001.0,tonnes,368473004.0,cereals_total
Northern America,Production Quantity,2000.0,tonnes,393898964.0,cereals_total
Northern America,Production Quantity,1999.0,tonnes,389630320.0,cereals_total
Northern America,Production Quantity,1998.0,tonnes,400437100.0,cereals_total
Northern America,Production Quantity,1997.0,tonnes,386093565.0,cereals_total
Northern America,Production Quantity,1996.0,tonnes,394237732.0,cereals_total
Northern America,Production Quantity,1995.0,tonnes,326943832.0,cereals_total
Northern America,Production Quantity,1994.0,tonnes,402494292.0,cereals_total
Northern America,Production Quantity,1993.0,tonnes,310540292.0,cereals_total
Northern America,Production Quantity,1992.0,tonnes,402620758.0,cereals_total
Northern America,Production Quantity,1991.0,tonnes,333869946.0,cereals_total
Northern America,Production Quantity,1990.0,tonnes,369205300.0,cereals_total
Northern America,Production Quantity,1989.0,tonnes,332327366.0,cereals_total
Northern America,Production Quantity,1988.0,tonnes,242022300.0,cereals_total
Northern America,Production Quantity,1987.0,tonnes,332129247.0,cereals_total
Northern America,Production Quantity,1986.0,tonnes,372295916.0,cereals_total
Northern America,Production Quantity,1985.0,tonnes,395357516.0,cereals_total
Northern America,Production Quantity,1984.0,tonnes,357543004.0,cereals_total
Northern America,Production Quantity,1983.0,tonnes,255104812.0,cereals_total
Northern America,Production Quantity,1982.0,tonnes,386436963.0,cereals_total
Northern America,Production Quantity,1981.0,tonnes,382103998.0,cereals_total
Northern America,Production Quantity,1980.0,tonnes,311499202.0,cereals_total
Northern America,Production Quantity,1979.0,tonnes,338823960.0,cereals_total
Northern America,Production Quantity,1978.0,tonnes,318678904.0,cereals_total
Northern America,Production Quantity,1977.0,tonnes,308449247.0,cereals_total
Northern America,Production Quantity,1976.0,tonnes,303186082.0,cereals_total
Northern America,Production Quantity,1975.0,tonnes,286637466.0,cereals_total
Northern America,Production Quantity,1974.0,tonnes,235656600.0,cereals_total
Northern America,Production Quantity,1973.0,tonnes,274451617.0,cereals_total
Northern America,Production Quantity,1972.0,tonnes,263774407.0,cereals_total
Northern America,Production Quantity,1971.0,tonnes,276688818.0,cereals_total
Northern America,Production Quantity,1970.0,tonnes,215542656.0,cereals_total
Northern America,Production Quantity,1969.0,tonnes,241409037.0,cereals_total
Northern America,Production Quantity,1968.0,tonnes,237121085.0,cereals_total
Northern America,Production Quantity,1967.0,tonnes,238396310.0,cereals_total
Northern America,Production Quantity,1966.0,tonnes,223289864.0,cereals_total
Northern America,Production Quantity,1965.0,tonnes,216019518.0,cereals_total
Northern America,Production Quantity,1964.0,tonnes,189569274.0,cereals_total
Northern America,Production Quantity,1963.0,tonnes,209031696.0,cereals_total
Northern America,Production Quantity,1962.0,tonnes,191878318.0,cereals_total
Northern America,Production Quantity,1961.0,tonnes,180531264.0,cereals_total
Oceania,Production Quantity,2007.0,tonnes,22964984.0,cereals_total
Oceania,Production Quantity,2006.0,tonnes,20209059.0,cereals_total
Oceania,Production Quantity,2005.0,tonnes,40746098.0,cereals_total
Oceania,Production Quantity,2004.0,tonnes,35430111.0,cereals_total
Oceania,Production Quantity,2003.0,tonnes,42605909.0,cereals_total
Oceania,Production Quantity,2002.0,tonnes,20001110.0,cereals_total
Oceania,Production Quantity,2001.0,tonnes,39853018.0,cereals_total
Oceania,Production Quantity,2000.0,tonnes,35337280.0,cereals_total
Oceania,Production Quantity,1999.0,tonnes,36277692.0,cereals_total
Oceania,Production Quantity,1998.0,tonnes,34229119.0,cereals_total
Oceania,Production Quantity,1997.0,tonnes,32248851.0,cereals_total
Oceania,Production Quantity,1996.0,tonnes,36580674.0,cereals_total
Oceania,Production Quantity,1995.0,tonnes,28171307.0,cereals_total
Oceania,Production Quantity,1994.0,tonnes,16281930.0,cereals_total
Oceania,Production Quantity,1993.0,tonnes,27639117.0,cereals_total
Oceania,Production Quantity,1992.0,tonnes,26028300.0,cereals_total
Oceania,Production Quantity,1991.0,tonnes,19591880.0,cereals_total
Oceania,Production Quantity,1990.0,tonnes,23948467.0,cereals_total
Oceania,Production Quantity,1989.0,tonnes,23084536.0,cereals_total
Oceania,Production Quantity,1988.0,tonnes,22698671.0,cereals_total
Oceania,Production Quantity,1987.0,tonnes,20928302.0,cereals_total
Oceania,Production Quantity,1986.0,tonnes,25227443.0,cereals_total
Oceania,Production Quantity,1985.0,tonnes,26166547.0,cereals_total
Oceania,Production Quantity,1984.0,tonnes,29756213.0,cereals_total
Oceania,Production Quantity,1983.0,tonnes,31975552.0,cereals_total
Oceania,Production Quantity,1982.0,tonnes,15107686.0,cereals_total
Oceania,Production Quantity,1981.0,tonnes,24543717.0,cereals_total
Oceania,Production Quantity,1980.0,tonnes,17198954.0,cereals_total
Oceania,Production Quantity,1979.0,tonnes,24190855.0,cereals_total
Oceania,Production Quantity,1978.0,tonnes,26134684.0,cereals_total
Oceania,Production Quantity,1977.0,tonnes,15356569.0,cereals_total
Oceania,Production Quantity,1976.0,tonnes,18397893.0,cereals_total
Oceania,Production Quantity,1975.0,tonnes,18473089.0,cereals_total
Oceania,Production Quantity,1974.0,tonnes,17013935.0,cereals_total
Oceania,Production Quantity,1973.0,tonnes,17854789.0,cereals_total
Oceania,Production Quantity,1972.0,tonnes,11700004.0,cereals_total
Oceania,Production Quantity,1971.0,tonnes,15617022.0,cereals_total
Oceania,Production Quantity,1970.0,tonnes,13514806.0,cereals_total
Oceania,Production Quantity,1969.0,tonnes,15080028.0,cereals_total
Oceania,Production Quantity,1968.0,tonnes,19685188.0,cereals_total
Oceania,Production Quantity,1967.0,tonnes,10433024.0,cereals_total
Oceania,Production Quantity,1966.0,tonnes,17082606.0,cereals_total
Oceania,Production Quantity,1965.0,tonnes,10132905.0,cereals_total
Oceania,Production Quantity,1964.0,tonnes,13481229.0,cereals_total
Oceania,Production Quantity,1963.0,tonnes,12222164.0,cereals_total
Oceania,Production Quantity,1962.0,tonnes,11517565.0,cereals_total
Oceania,Production Quantity,1961.0,tonnes,9565728.0,cereals_total
South America,Production Quantity,2007.0,tonnes,139259116.0,cereals_total
South America,Production Quantity,2006.0,tonnes,118932668.0,cereals_total
South America,Production Quantity,2005.0,tonnes,118647845.0,cereals_total
South America,Production Quantity,2004.0,tonnes,125032603.0,cereals_total
South America,Production Quantity,2003.0,tonnes,125251802.0,cereals_total
South America,Production Quantity,2002.0,tonnes,103294573.0,cereals_total
South America,Production Quantity,2001.0,tonnes,113687374.0,cereals_total
South America,Production Quantity,2000.0,tonnes,104159321.0,cereals_total
South America,Production Quantity,1999.0,tonnes,100775453.0,cereals_total
South America,Production Quantity,1998.0,tonnes,96020753.0,cereals_total
South America,Production Quantity,1997.0,tonnes,99161330.0,cereals_total
South America,Production Quantity,1996.0,tonnes,93329329.0,cereals_total
South America,Production Quantity,1995.0,tonnes,91831328.0,cereals_total
South America,Production Quantity,1994.0,tonnes,88129061.0,cereals_total
South America,Production Quantity,1993.0,tonnes,84576984.0,cereals_total
South America,Production Quantity,1992.0,tonnes,85417373.0,cereals_total
South America,Production Quantity,1991.0,tonnes,73985980.0,cereals_total
South America,Production Quantity,1990.0,tonnes,68015315.0,cereals_total
South America,Production Quantity,1989.0,tonnes,78734038.0,cereals_total
South America,Production Quantity,1988.0,tonnes,81433378.0,cereals_total
South America,Production Quantity,1987.0,tonnes,82679144.0,cereals_total
South America,Production Quantity,1986.0,tonnes,77334327.0,cereals_total
South America,Production Quantity,1985.0,tonnes,77209997.0,cereals_total
South America,Production Quantity,1984.0,tonnes,77352158.0,cereals_total
South America,Production Quantity,1983.0,tonnes,71728259.0,cereals_total
South America,Production Quantity,1982.0,tonnes,80192926.0,cereals_total
South America,Production Quantity,1981.0,tonnes,73918446.0,cereals_total
South America,Production Quantity,1980.0,tonnes,62785189.0,cereals_total
South America,Production Quantity,1979.0,tonnes,63709952.0,cereals_total
South America,Production Quantity,1978.0,tonnes,62270962.0,cereals_total
South America,Production Quantity,1977.0,tonnes,64276859.0,cereals_total
South America,Production Quantity,1976.0,tonnes,66065174.0,cereals_total
South America,Production Quantity,1975.0,tonnes,59550953.0,cereals_total
South America,Production Quantity,1974.0,tonnes,59801665.0,cereals_total
South America,Production Quantity,1973.0,tonnes,56152044.0,cereals_total
South America,Production Quantity,1972.0,tonnes,49923519.0,cereals_total
South America,Production Quantity,1971.0,tonnes,53747487.0,cereals_total
South America,Production Quantity,1970.0,tonnes,52478402.0,cereals_total
South America,Production Quantity,1969.0,tonnes,47249646.0,cereals_total
South America,Production Quantity,1968.0,tonnes,44929161.0,cereals_total
South America,Production Quantity,1967.0,tonnes,47963553.0,cereals_total
South America,Production Quantity,1966.0,tonnes,43257218.0,cereals_total
South America,Production Quantity,1965.0,tonnes,42098739.0,cereals_total
South America,Production Quantity,1964.0,tonnes,45044165.0,cereals_total
South America,Production Quantity,1963.0,tonnes,40661807.0,cereals_total
South America,Production Quantity,1962.0,tonnes,36823628.0,cereals_total
South America,Production Quantity,1961.0,tonnes,36175273.0,cereals_total
Africa,Production Quantity,2007.0,tonnes,99616189.0,coarse_grain_total
Africa,Production Quantity,2006.0,tonnes,103014137.0,coarse_grain_total
Africa,Production Quantity,2005.0,tonnes,101487798.0,coarse_grain_total
Africa,Production Quantity,2004.0,tonnes,92348399.0,coarse_grain_total
Africa,Production Quantity,2003.0,tonnes,92895452.0,coarse_grain_total
Africa,Production Quantity,2002.0,tonnes,84629402.0,coarse_grain_total
Africa,Production Quantity,2001.0,tonnes,81770251.0,coarse_grain_total
Africa,Production Quantity,2000.0,tonnes,79905715.0,coarse_grain_total
Africa,Production Quantity,1999.0,tonnes,80881577.0,coarse_grain_total
Africa,Production Quantity,1998.0,tonnes,80973676.0,coarse_grain_total
Africa,Production Quantity,1997.0,tonnes,78759624.0,coarse_grain_total
Africa,Production Quantity,1996.0,tonnes,87129052.0,coarse_grain_total
Africa,Production Quantity,1995.0,tonnes,69842498.0,coarse_grain_total
Africa,Production Quantity,1994.0,tonnes,80988909.0,coarse_grain_total
Africa,Production Quantity,1993.0,tonnes,72482939.0,coarse_grain_total
Africa,Production Quantity,1992.0,tonnes,62237772.0,coarse_grain_total
Africa,Production Quantity,1991.0,tonnes,73611995.0,coarse_grain_total
Africa,Production Quantity,1990.0,tonnes,67024856.0,coarse_grain_total
Africa,Production Quantity,1989.0,tonnes,73522609.0,coarse_grain_total
Africa,Production Quantity,1988.0,tonnes,71835374.0,coarse_grain_total
Africa,Production Quantity,1987.0,tonnes,60663314.0,coarse_grain_total
Africa,Production Quantity,1986.0,tonnes,66578044.0,coarse_grain_total
Africa,Production Quantity,1985.0,tonnes,63266821.0,coarse_grain_total
Africa,Production Quantity,1984.0,tonnes,47700950.0,coarse_grain_total
Africa,Production Quantity,1983.0,tonnes,47635627.0,coarse_grain_total
Africa,Production Quantity,1982.0,tonnes,52743569.0,coarse_grain_total
Africa,Production Quantity,1981.0,tonnes,60090028.0,coarse_grain_total
Africa,Production Quantity,1980.0,tonnes,55081224.0,coarse_grain_total
Africa,Production Quantity,1979.0,tonnes,48588514.0,coarse_grain_total
Africa,Production Quantity,1978.0,tonnes,52645672.0,coarse_grain_total
Africa,Production Quantity,1977.0,tonnes,50688212.0,coarse_grain_total
Africa,Production Quantity,1976.0,tonnes,52531403.0,coarse_grain_total
Africa,Production Quantity,1975.0,tonnes,51028865.0,coarse_grain_total
Africa,Production Quantity,1974.0,tonnes,54886439.0,coarse_grain_total
Africa,Production Quantity,1973.0,tonnes,41436600.0,coarse_grain_total
Africa,Production Quantity,1972.0,tonnes,47721651.0,coarse_grain_total
Africa,Production Quantity,1971.0,tonnes,49203343.0,coarse_grain_total
Africa,Production Quantity,1970.0,tonnes,45104780.0,coarse_grain_total
Africa,Production Quantity,1969.0,tonnes,45440823.0,coarse_grain_total
Africa,Production Quantity,1968.0,tonnes,42200429.0,coarse_grain_total
Africa,Production Quantity,1967.0,tonnes,47823160.0,coarse_grain_total
Africa,Production Quantity,1966.0,tonnes,37489356.0,coarse_grain_total
Africa,Production Quantity,1965.0,tonnes,39713318.0,coarse_grain_total
Africa,Production Quantity,1964.0,tonnes,38717733.0,coarse_grain_total
Africa,Production Quantity,1963.0,tonnes,41562074.0,coarse_grain_total
Africa,Production Quantity,1962.0,tonnes,40593571.0,coarse_grain_total
Africa,Production Quantity,1961.0,tonnes,36848764.0,coarse_grain_total
Asia,Production Quantity,2007.0,tonnes,266989843.0,coarse_grain_total
Asia,Production Quantity,2006.0,tonnes,260363499.0,coarse_grain_total
Asia,Production Quantity,2005.0,tonnes,247518363.0,coarse_grain_total
Asia,Production Quantity,2004.0,tonnes,233699077.0,coarse_grain_total
Asia,Production Quantity,2003.0,tonnes,222287096.0,coarse_grain_total
Asia,Production Quantity,2002.0,tonnes,213310335.0,coarse_grain_total
Asia,Production Quantity,2001.0,tonnes,210197374.0,coarse_grain_total
Asia,Production Quantity,2000.0,tonnes,196265940.0,coarse_grain_total
Asia,Production Quantity,1999.0,tonnes,219780532.0,coarse_grain_total
Asia,Production Quantity,1998.0,tonnes,230343064.0,coarse_grain_total
Asia,Production Quantity,1997.0,tonnes,198384265.0,coarse_grain_total
Asia,Production Quantity,1996.0,tonnes,231195627.0,coarse_grain_total
Asia,Production Quantity,1995.0,tonnes,206748805.0,coarse_grain_total
Asia,Production Quantity,1994.0,tonnes,202842472.0,coarse_grain_total
Asia,Production Quantity,1993.0,tonnes,210535385.0,coarse_grain_total
Asia,Production Quantity,1992.0,tonnes,209349442.0,coarse_grain_total
Asia,Production Quantity,1991.0,tonnes,185584496.0,coarse_grain_total
Asia,Production Quantity,1990.0,tonnes,191842030.0,coarse_grain_total
Asia,Production Quantity,1989.0,tonnes,168257658.0,coarse_grain_total
Asia,Production Quantity,1988.0,tonnes,172476958.0,coarse_grain_total
Asia,Production Quantity,1987.0,tonnes,161038171.0,coarse_grain_total
Asia,Production Quantity,1986.0,tonnes,155037172.0,coarse_grain_total
Asia,Production Quantity,1985.0,tonnes,146721875.0,coarse_grain_total
Asia,Production Quantity,1984.0,tonnes,164808282.0,coarse_grain_total
Asia,Production Quantity,1983.0,tonnes,161166563.0,coarse_grain_total
Asia,Production Quantity,1982.0,tonnes,142435385.0,coarse_grain_total
Asia,Production Quantity,1981.0,tonnes,145991384.0,coarse_grain_total
Asia,Production Quantity,1980.0,tonnes,142825104.0,coarse_grain_total
Asia,Production Quantity,1979.0,tonnes,141764478.0,coarse_grain_total
Asia,Production Quantity,1978.0,tonnes,140674312.0,coarse_grain_total
Asia,Production Quantity,1977.0,tonnes,127470579.0,coarse_grain_total
Asia,Production Quantity,1976.0,tonnes,130722076.0,coarse_grain_total
Asia,Production Quantity,1975.0,tonnes,130302644.0,coarse_grain_total
Asia,Production Quantity,1974.0,tonnes,118529591.0,coarse_grain_total
Asia,Production Quantity,1973.0,tonnes,116373629.0,coarse_grain_total
Asia,Production Quantity,1972.0,tonnes,101960564.0,coarse_grain_total
Asia,Production Quantity,1971.0,tonnes,112447365.0,coarse_grain_total
Asia,Production Quantity,1970.0,tonnes,114139388.0,coarse_grain_total
Asia,Production Quantity,1969.0,tonnes,104440032.0,coarse_grain_total
Asia,Production Quantity,1968.0,tonnes,104306158.0,coarse_grain_total
Asia,Production Quantity,1967.0,tonnes,109082378.0,coarse_grain_total
Asia,Production Quantity,1966.0,tonnes,104199780.0,coarse_grain_total
Asia,Production Quantity,1965.0,tonnes,92295278.0,coarse_grain_total
Asia,Production Quantity,1964.0,tonnes,95689748.0,coarse_grain_total
Asia,Production Quantity,1963.0,tonnes,91385018.0,coarse_grain_total
Asia,Production Quantity,1962.0,tonnes,88327878.0,coarse_grain_total
Asia,Production Quantity,1961.0,tonnes,84964632.0,coarse_grain_total
Europe,Production Quantity,2007.0,tonnes,202983820.0,coarse_grain_total
Europe,Production Quantity,2006.0,tonnes,208888667.0,coarse_grain_total
Europe,Production Quantity,2005.0,tonnes,216267431.0,coarse_grain_total
Europe,Production Quantity,2004.0,tonnes,247133455.0,coarse_grain_total
Europe,Production Quantity,2003.0,tonnes,198751453.0,coarse_grain_total
Europe,Production Quantity,2002.0,tonnes,221621111.0,coarse_grain_total
Europe,Production Quantity,2001.0,tonnes,226238457.0,coarse_grain_total
Europe,Production Quantity,2000.0,tonnes,198073673.0,coarse_grain_total
Europe,Production Quantity,1999.0,tonnes,199326739.0,coarse_grain_total
Europe,Production Quantity,1998.0,tonnes,199735301.0,coarse_grain_total
Europe,Production Quantity,1997.0,tonnes,241330249.0,coarse_grain_total
Europe,Production Quantity,1996.0,tonnes,209667799.0,coarse_grain_total
Europe,Production Quantity,1995.0,tonnes,200476040.0,coarse_grain_total
Europe,Production Quantity,1994.0,tonnes,213268125.0,coarse_grain_total
Europe,Production Quantity,1993.0,tonnes,226539213.0,coarse_grain_total
Europe,Production Quantity,1992.0,tonnes,220695970.0,coarse_grain_total
Europe,Production Quantity,1991.0,tonnes,250048780.0,coarse_grain_total
Europe,Production Quantity,1990.0,tonnes,256139198.0,coarse_grain_total
Europe,Production Quantity,1989.0,tonnes,260994827.0,coarse_grain_total
Europe,Production Quantity,1988.0,tonnes,250726256.0,coarse_grain_total
Europe,Production Quantity,1987.0,tonnes,261903045.0,coarse_grain_total
Europe,Production Quantity,1986.0,tonnes,262846190.0,coarse_grain_total
Europe,Production Quantity,1985.0,tonnes,262799178.0,coarse_grain_total
Europe,Production Quantity,1984.0,tonnes,259654596.0,coarse_grain_total
Europe,Production Quantity,1983.0,tonnes,248668419.0,coarse_grain_total
Europe,Production Quantity,1982.0,tonnes,251151922.0,coarse_grain_total
Europe,Production Quantity,1981.0,tonnes,214245118.0,coarse_grain_total
Europe,Production Quantity,1980.0,tonnes,232120397.0,coarse_grain_total
Europe,Production Quantity,1979.0,tonnes,230247881.0,coarse_grain_total
Europe,Production Quantity,1978.0,tonnes,252533599.0,coarse_grain_total
Europe,Production Quantity,1977.0,tonnes,233677827.0,coarse_grain_total
Europe,Production Quantity,1976.0,tonnes,240038834.0,coarse_grain_total
Europe,Production Quantity,1975.0,tonnes,202580262.0,coarse_grain_total
Europe,Production Quantity,1974.0,tonnes,235909420.0,coarse_grain_total
Europe,Production Quantity,1973.0,tonnes,231470095.0,coarse_grain_total
Europe,Production Quantity,1972.0,tonnes,206392259.0,coarse_grain_total
Europe,Production Quantity,1971.0,tonnes,201990532.0,coarse_grain_total
Europe,Production Quantity,1970.0,tonnes,187353304.0,coarse_grain_total
Europe,Production Quantity,1969.0,tonnes,192010024.0,coarse_grain_total
Europe,Production Quantity,1968.0,tonnes,180997639.0,coarse_grain_total
Europe,Production Quantity,1967.0,tonnes,174173903.0,coarse_grain_total
Europe,Production Quantity,1966.0,tonnes,166988216.0,coarse_grain_total
Europe,Production Quantity,1965.0,tonnes,151546167.0,coarse_grain_total
Europe,Production Quantity,1964.0,tonnes,163179163.0,coarse_grain_total
Europe,Production Quantity,1963.0,tonnes,146430177.0,coarse_grain_total
Europe,Production Quantity,1962.0,tonnes,151180076.0,coarse_grain_total
Europe,Production Quantity,1961.0,tonnes,148181497.0,coarse_grain_total
Northern America,Production Quantity,2007.0,tonnes,378401652.0,coarse_grain_total
Northern America,Production Quantity,2006.0,tonnes,303604191.0,coarse_grain_total
Northern America,Production Quantity,2005.0,tonnes,324353368.0,coarse_grain_total
Northern America,Production Quantity,2004.0,tonnes,345806182.0,coarse_grain_total
Northern America,Production Quantity,2003.0,tonnes,301562900.0,coarse_grain_total
Northern America,Production Quantity,2002.0,tonnes,263932088.0,coarse_grain_total
Northern America,Production Quantity,2001.0,tonnes,285077309.0,coarse_grain_total
Northern America,Production Quantity,2000.0,tonnes,297948157.0,coarse_grain_total
Northern America,Production Quantity,1999.0,tonnes,290778282.0,coarse_grain_total
Northern America,Production Quantity,1998.0,tonnes,298663600.0,coarse_grain_total
Northern America,Production Quantity,1997.0,tonnes,285976568.0,coarse_grain_total
Northern America,Production Quantity,1996.0,tonnes,294670728.0,coarse_grain_total
Northern America,Production Quantity,1995.0,tonnes,234663432.0,coarse_grain_total
Northern America,Production Quantity,1994.0,tonnes,307435692.0,coarse_grain_total
Northern America,Production Quantity,1993.0,tonnes,210981392.0,coarse_grain_total
Northern America,Production Quantity,1992.0,tonnes,297458558.0,coarse_grain_total
Northern America,Production Quantity,1991.0,tonnes,240804346.0,coarse_grain_total
Northern America,Production Quantity,1990.0,tonnes,255733300.0,coarse_grain_total
Northern America,Production Quantity,1989.0,tonnes,245095758.0,coarse_grain_total
Northern America,Production Quantity,1988.0,tonnes,169536300.0,coarse_grain_total
Northern America,Production Quantity,1987.0,tonnes,242943439.0,coarse_grain_total
Northern America,Production Quantity,1986.0,tonnes,277971908.0,coarse_grain_total
Northern America,Production Quantity,1985.0,tonnes,299008508.0,coarse_grain_total
Northern America,Production Quantity,1984.0,tonnes,259440800.0,coarse_grain_total
Northern America,Production Quantity,1983.0,tonnes,158258700.0,coarse_grain_total
Northern America,Production Quantity,1982.0,tonnes,277501759.0,coarse_grain_total
Northern America,Production Quantity,1981.0,tonnes,273206654.0,coarse_grain_total
Northern America,Production Quantity,1980.0,tonnes,220778448.0,coarse_grain_total
Northern America,Production Quantity,1979.0,tonnes,257562364.0,coarse_grain_total
Northern America,Production Quantity,1978.0,tonnes,243178958.0,coarse_grain_total
Northern America,Production Quantity,1977.0,tonnes,228419303.0,coarse_grain_total
Northern America,Production Quantity,1976.0,tonnes,215872004.0,coarse_grain_total
Northern America,Production Quantity,1975.0,tonnes,205844636.0,coarse_grain_total
Northern America,Production Quantity,1974.0,tonnes,168758695.0,coarse_grain_total
Northern America,Production Quantity,1973.0,tonnes,207523935.0,coarse_grain_total
Northern America,Production Quantity,1972.0,tonnes,203303381.0,coarse_grain_total
Northern America,Production Quantity,1971.0,tonnes,214333380.0,coarse_grain_total
Northern America,Production Quantity,1970.0,tonnes,165933091.0,coarse_grain_total
Northern America,Production Quantity,1969.0,tonnes,179708699.0,coarse_grain_total
Northern America,Production Quantity,1968.0,tonnes,172342892.0,coarse_grain_total
Northern America,Production Quantity,1967.0,tonnes,177174473.0,coarse_grain_total
Northern America,Production Quantity,1966.0,tonnes,161402754.0,coarse_grain_total
Northern America,Production Quantity,1965.0,tonnes,159080510.0,coarse_grain_total
Northern America,Production Quantity,1964.0,tonnes,134973274.0,coarse_grain_total
Northern America,Production Quantity,1963.0,tonnes,154941800.0,coarse_grain_total
Northern America,Production Quantity,1962.0,tonnes,143771318.0,coarse_grain_total
Northern America,Production Quantity,1961.0,tonnes,136821256.0,coarse_grain_total
Oceania,Production Quantity,2007.0,tonnes,9397083.0,coarse_grain_total
Oceania,Production Quantity,2006.0,tonnes,8133122.0,coarse_grain_total
Oceania,Production Quantity,2005.0,tonnes,14893673.0,coarse_grain_total
Oceania,Production Quantity,2004.0,tonnes,12632127.0,coarse_grain_total
Oceania,Production Quantity,2003.0,tonnes,15693885.0,coarse_grain_total
Oceania,Production Quantity,2002.0,tonnes,8356860.0,coarse_grain_total
Oceania,Production Quantity,2001.0,tonnes,13526279.0,coarse_grain_total
Oceania,Production Quantity,2000.0,tonnes,11783810.0,coarse_grain_total
Oceania,Production Quantity,1999.0,tonnes,9788344.0,coarse_grain_total
Oceania,Production Quantity,1998.0,tonnes,10480958.0,coarse_grain_total
Oceania,Production Quantity,1997.0,tonnes,11301725.0,coarse_grain_total
Oceania,Production Quantity,1996.0,tonnes,11632267.0,coarse_grain_total
Oceania,Production Quantity,1995.0,tonnes,10265800.0,coarse_grain_total
Oceania,Production Quantity,1994.0,tonnes,5978217.0,coarse_grain_total
Oceania,Production Quantity,1993.0,tonnes,9962473.0,coarse_grain_total
Oceania,Production Quantity,1992.0,tonnes,9953261.0,coarse_grain_total
Oceania,Production Quantity,1991.0,tonnes,8036824.0,coarse_grain_total
Oceania,Production Quantity,1990.0,tonnes,7742988.0,coarse_grain_total
Oceania,Production Quantity,1989.0,tonnes,7897304.0,coarse_grain_total
Oceania,Production Quantity,1988.0,tonnes,7763784.0,coarse_grain_total
Oceania,Production Quantity,1987.0,tonnes,7731072.0,coarse_grain_total
Oceania,Production Quantity,1986.0,tonnes,8009762.0,coarse_grain_total
Oceania,Production Quantity,1985.0,tonnes,8959371.0,coarse_grain_total
Oceania,Production Quantity,1984.0,tonnes,10111303.0,coarse_grain_total
Oceania,Production Quantity,1983.0,tonnes,9112015.0,coarse_grain_total
Oceania,Production Quantity,1982.0,tonnes,5051048.0,coarse_grain_total
Oceania,Production Quantity,1981.0,tonnes,7066484.0,coarse_grain_total
Oceania,Production Quantity,1980.0,tonnes,5391069.0,coarse_grain_total
Oceania,Production Quantity,1979.0,tonnes,6985850.0,coarse_grain_total
Oceania,Production Quantity,1978.0,tonnes,7201324.0,coarse_grain_total
Oceania,Production Quantity,1977.0,tonnes,5076579.0,coarse_grain_total
Oceania,Production Quantity,1976.0,tonnes,5766481.0,coarse_grain_total
Oceania,Production Quantity,1975.0,tonnes,5898160.0,coarse_grain_total
Oceania,Production Quantity,1974.0,tonnes,5013568.0,coarse_grain_total
Oceania,Production Quantity,1973.0,tonnes,5164503.0,coarse_grain_total
Oceania,Production Quantity,1972.0,tonnes,4453013.0,coarse_grain_total
Oceania,Production Quantity,1971.0,tonnes,6361712.0,coarse_grain_total
Oceania,Production Quantity,1970.0,tonnes,5063519.0,coarse_grain_total
Oceania,Production Quantity,1969.0,tonnes,3787566.0,coarse_grain_total
Oceania,Production Quantity,1968.0,tonnes,4189489.0,coarse_grain_total
Oceania,Production Quantity,1967.0,tonnes,2301014.0,coarse_grain_total
Oceania,Production Quantity,1966.0,tonnes,3888328.0,coarse_grain_total
Oceania,Production Quantity,1965.0,tonnes,2641312.0,coarse_grain_total
Oceania,Production Quantity,1964.0,tonnes,3004434.0,coarse_grain_total
Oceania,Production Quantity,1963.0,tonnes,2884622.0,coarse_grain_total
Oceania,Production Quantity,1962.0,tonnes,2788039.0,coarse_grain_total
Oceania,Production Quantity,1961.0,tonnes,2442521.0,coarse_grain_total
South America,Production Quantity,2007.0,tonnes,93434551.0,coarse_grain_total
South America,Production Quantity,2006.0,tonnes,75990699.0,coarse_grain_total
South America,Production Quantity,2005.0,tonnes,73858781.0,coarse_grain_total
South America,Production Quantity,2004.0,tonnes,75076533.0,coarse_grain_total
South America,Production Quantity,2003.0,tonnes,81001358.0,coarse_grain_total
South America,Production Quantity,2002.0,tonnes,65247449.0,coarse_grain_total
South America,Production Quantity,2001.0,tonnes,72458347.0,coarse_grain_total
South America,Production Quantity,2000.0,tonnes,63497350.0,coarse_grain_total
South America,Production Quantity,1999.0,tonnes,58632771.0,coarse_grain_total
South America,Production Quantity,1998.0,tonnes,62347719.0,coarse_grain_total
South America,Production Quantity,1997.0,tonnes,61780067.0,coarse_grain_total
South America,Production Quantity,1996.0,tonnes,54365846.0,coarse_grain_total
South America,Production Quantity,1995.0,tonnes,58860734.0,coarse_grain_total
South America,Production Quantity,1994.0,tonnes,54172763.0,coarse_grain_total
South America,Production Quantity,1993.0,tonnes,53293334.0,coarse_grain_total
South America,Production Quantity,1992.0,tonnes,53445286.0,coarse_grain_total
South America,Production Quantity,1991.0,tonnes,43312554.0,coarse_grain_total
South America,Production Quantity,1990.0,tonnes,37791221.0,coarse_grain_total
South America,Production Quantity,1989.0,tonnes,42569154.0,coarse_grain_total
South America,Production Quantity,1988.0,tonnes,46444248.0,coarse_grain_total
South America,Production Quantity,1987.0,tonnes,48449906.0,coarse_grain_total
South America,Production Quantity,1986.0,tonnes,45231134.0,coarse_grain_total
South America,Production Quantity,1985.0,tonnes,47949109.0,coarse_grain_total
South America,Production Quantity,1984.0,tonnes,45417211.0,coarse_grain_total
South America,Production Quantity,1983.0,tonnes,42535092.0,coarse_grain_total
South America,Production Quantity,1982.0,tonnes,46524408.0,coarse_grain_total
South America,Production Quantity,1981.0,tonnes,48477923.0,coarse_grain_total
South America,Production Quantity,1980.0,tonnes,36212725.0,coarse_grain_total
South America,Production Quantity,1979.0,tonnes,38464563.0,coarse_grain_total
South America,Production Quantity,1978.0,tonnes,38091756.0,coarse_grain_total
South America,Production Quantity,1977.0,tonnes,41666943.0,coarse_grain_total
South America,Production Quantity,1976.0,tonnes,36050017.0,coarse_grain_total
South America,Production Quantity,1975.0,tonnes,35494524.0,coarse_grain_total
South America,Production Quantity,1974.0,tonnes,38689785.0,coarse_grain_total
South America,Production Quantity,1973.0,tonnes,35935936.0,coarse_grain_total
South America,Production Quantity,1972.0,tonnes,29790987.0,coarse_grain_total
South America,Production Quantity,1971.0,tonnes,34909623.0,coarse_grain_total
South America,Production Quantity,1970.0,tonnes,33237711.0,coarse_grain_total
South America,Production Quantity,1969.0,tonnes,27807652.0,coarse_grain_total
South America,Production Quantity,1968.0,tonnes,27281811.0,coarse_grain_total
South America,Production Quantity,1967.0,tonnes,29090964.0,coarse_grain_total
South America,Production Quantity,1966.0,tonnes,26241224.0,coarse_grain_total
South America,Production Quantity,1965.0,tonnes,23452264.0,coarse_grain_total
South America,Production Quantity,1964.0,tonnes,22521506.0,coarse_grain_total
South America,Production Quantity,1963.0,tonnes,22060408.0,coarse_grain_total
South America,Production Quantity,1962.0,tonnes,21043627.0,coarse_grain_total
South America,Production Quantity,1961.0,tonnes,20939758.0,coarse_grain_total
